<?xml version="1.0" encoding="UTF-8" standalone="yes"?>
<addon id="plugin.context.exportto" name="Export To" version="0.01" provider-name="no-bdy">
  <requires>
    <import addon="xbmc.python" version="3.0.0"/>
  </requires>
  <extension point="kodi.context.item">
    <menu id="kodi.core.main">
       <item library="addon.py" args="update">
          <label>Update Library</label>
          <visible>true</visible>
      </item>
      <item library="addon.py">
        <label>Export to Library</label>
        <visible>String.IsEqual(ListItem.dbtype,movie) | String.IsEqual(ListItem.dbtype,tvshow) | String.IsEqual(ListItem.dbtype,season) | String.IsEqual(ListItem.dbtype,episode)</visible>
      </item>
    </menu>
  </extension>
  <extension point="xbmc.addon.metadata">
    <summary lang="en_US">Export item as strm file.</summary>
    <description lang="en_US">Context menu to export a video items to the library as a strm file.</description>
    <platform>all</platform>
    <license>GPL-2.0-or-later</license>
    <assets>
      <icon>icon.png</icon>
    </assets>
  </extension>
</addon>
